{
  "generated_at_utc": "2026-05-14T11:17:38.260486+00:00",
  "n_predictions": 24,
  "n_unique_patients": 24,
  "notes": [],
  "schema_version": "oncotraj-eval/1.0.0",
  "split": "test",
  "submission_id": "logistic_taskA",
  "task_a": {
    "accuracy": 0.9583333333333334,
    "brier": 0.08634050053368485,
    "ece": 0.1845231772958434,
    "f1": 0.9714285714285714,
    "n": 24,
    "positive_rate": 0.7083333333333334,
    "reliability": {
      "bin_centers": [
        0.15000000000000002,
        0.45,
        0.55,
        0.75,
        0.8500000000000001,
        0.95
      ],
      "counts": [
        4,
        2,
        3,
        3,
        2,
        10
      ],
      "frequencies": [
        0.0,
        0.0,
        1.0,
        1.0,
        1.0,
        0.9
      ],
      "mean_pred": [
        0.11444285571419281,
        0.4041895240477528,
        0.5562129235038776,
        0.7438470815154631,
        0.8212128969954173,
        0.9705011593196822
      ],
      "n_bins": 10
    },
    "roc_auc": 0.9243697478991597
  },
  "task_b": null,
  "task_c": null,
  "tasks_evaluated": [
    "A"
  ]
}
