{
  "generated_at_utc": "2026-05-14T11:17:38.723568+00:00",
  "n_predictions": 24,
  "n_unique_patients": 24,
  "notes": [],
  "schema_version": "oncotraj-eval/1.0.0",
  "split": "test",
  "submission_id": "random_forest_taskA",
  "task_a": {
    "accuracy": 0.875,
    "brier": 0.08408527800187869,
    "ece": 0.09890661230002123,
    "f1": 0.9142857142857143,
    "n": 24,
    "positive_rate": 0.7083333333333334,
    "reliability": {
      "bin_centers": [
        0.05,
        0.25,
        0.35000000000000003,
        0.55,
        0.6500000000000001,
        0.75,
        0.8500000000000001,
        0.95
      ],
      "counts": [
        4,
        1,
        1,
        2,
        1,
        1,
        3,
        11
      ],
      "frequencies": [
        0.0,
        0.0,
        1.0,
        0.5,
        1.0,
        1.0,
        0.6666666666666666,
        1.0
      ],
      "mean_pred": [
        0.006902695870336834,
        0.2609444444444445,
        0.3700816141008287,
        0.5561732641017456,
        0.6474506803454425,
        0.7604412180483532,
        0.8666463206496974,
        0.9862825918530219
      ],
      "n_bins": 10
    },
    "roc_auc": 0.9411764705882353
  },
  "task_b": null,
  "task_c": null,
  "tasks_evaluated": [
    "A"
  ]
}
