{
  "generated_at_utc": "2026-05-14T11:17:40.039199+00:00",
  "n_predictions": 24,
  "n_unique_patients": 24,
  "notes": [],
  "schema_version": "oncotraj-eval/1.0.0",
  "split": "test",
  "submission_id": "xgboost_taskA",
  "task_a": {
    "accuracy": 0.875,
    "brier": 0.10228503844177513,
    "ece": 0.12955475270670525,
    "f1": 0.9142857142857143,
    "n": 24,
    "positive_rate": 0.7083333333333334,
    "reliability": {
      "bin_centers": [
        0.05,
        0.15000000000000002,
        0.6500000000000001,
        0.75,
        0.8500000000000001,
        0.95
      ],
      "counts": [
        5,
        1,
        1,
        1,
        2,
        14
      ],
      "frequencies": [
        0.0,
        1.0,
        1.0,
        0.0,
        1.0,
        0.9285714285714286
      ],
      "mean_pred": [
        0.013187395688146353,
        0.1652386337518692,
        0.6449707746505737,
        0.7749478220939636,
        0.8174131810665131,
        0.9795332167829786
      ],
      "n_bins": 10
    },
    "roc_auc": 0.9327731092436975
  },
  "task_b": null,
  "task_c": null,
  "tasks_evaluated": [
    "A"
  ]
}
